Variable,Base Case,Conservative,Aggressive,Notes
═══════════════════════════════════════════════════════════════════════════════════════════════════════════════════════════════════════════════════════════════════════════════════════════════════════
AOV (BDT),800,750,900,Average order value
Avg Commission (%),11,8,15,Blended commission rate
Delivery Fee (BDT),30,30,30,Per delivery
Orders per Day,30,20,40,Average daily orders
Days per Month,30,30,30,
═══════════════════════════════════════════════════════════════════════════════════════════════════════════════════════════════════════════════════════════════════════════════════════════════════════
CALCULATED METRICS
Monthly Orders,900,600,1200,Orders/day × days/month
Monthly Revenue,720000,562500,1080000,AOV × orders
Commission Revenue,79200,45000,162000,Revenue × commission%
Delivery Fee Revenue,27000,18000,36000,Paid deliveries × fee
Subscription Revenue,5000,0,14900,Blended subscription
TOTAL REVENUE,846200,625500,1288900,
═══════════════════════════════════════════════════════════════════════════════════════════════════════════════════════════════════════════════════════════════════════════════════════════════════════
COSTS
Rider Cost,22000,18000,28000,Base + per-order bonus
Manager Cost,12000,10000,15000,Part-time salary
Marketing Cost,20000,15000,25000,Referrals, ads, flyers
Packaging Cost,9000,6000,12000,Bags, labels
bKash Fees,7200,5000,11000,~1% of transactions
Misc/Equipment,5000,3000,8000,Sundries
TOTAL COSTS,75200,57000,99000,
═══════════════════════════════════════════════════════════════════════════════════════════════════════════════════════════════════════════════════════════════════════════════════════════════════════
NET PROFIT,171000,68500,79000,
PROFIT MARGIN %,20.2%,10.9%,14.6%,
═══════════════════════════════════════════════════════════════════════════════════════════════════════════════════════════════════════════════════════════════════════════════════════════════════════
SENSITIVITY ANALYSIS
═══════════════════════════════════════════════════════════════════════════════════════════════════════════════════════════════════════════════════════════════════════════════════════════════════════
Scenario,AOV,Commission,Orders/Day,Monthly Profit,Profit Margin
────────── ────── ────────── ──────────── ──────────────── ──────────────
A: AOV drops 10%,750,11,30,118200,15.6%  Commission drops to 10%,800,10,30,129000,16.8%
B: Orders drop 20%,800,11,24,125400,17.3%  Commission drops to 8%,800,8,30,88200,13.2%
C: Both A+B,750,10,24,73000,12.7%  Best case,900,15,40,279000,21.6%
═══════════════════════════════════════════════════════════════════════════════════════════════════════════════════════════════════════════════════════════════════════════════════════════════════════
BREAK-EVEN ANALYSIS
═══════════════════════════════════════════════════════════════════════════════════════════════════════════════════════════════════════════════════════════════════════════════════════════════════════
Fixed Costs per Month (BDT): 59000  (Rider + Manager + Marketing + Misc)
Variable Cost per Order (BDT): 18    (Packaging + bKash fees)
Contribution per Order (BDT): 71    (Revenue - variable costs)
Break-even Orders per Month: 832    (Fixed costs / contribution per order)
Break-even Orders per Day: 28        (832 / 30 days)
═══════════════════════════════════════════════════════════════════════════════════════════════════════════════════════════════════════════════════════════════════════════════════════════════════════
KEY INSIGHTS
═══════════════════════════════════════════════════════════════════════════════════════════════════════════════════════════════════════════════════════════════════════════════════════════════════════
• Base case: 30 orders/day → 171K BDT/month profit at 20.2% margin
• Break-even: 28 orders/day → achievable in Month 2
• Worst case (A+B): 24 orders/day → still profitable at 12.7% margin
• Sensitivity: Commission % has biggest impact on profitability
• Recommendation: Push fish/meat (15-18% commission) to improve blend
═══════════════════════════════════════════════════════════════════════════════════════════════════════════════════════════════════════════════════════════════════════════════════════════════════════
